
{"items":[{"name":"Simulator Usage","href":"usage/home.html","topicHref":"usage/home.html","includedFrom":"~/user_guide/usage/toc.yml","items":[{"name":"Unity Editor","href":"usage/editor.html","topicHref":"usage/editor.html"},{"name":"Initialization Mode","href":"usage/init.html","topicHref":"usage/init.html"},{"name":"Simulation Mode","href":"usage/sim.html","topicHref":"usage/sim.html"},{"name":"Configuration","href":"usage/config.html","topicHref":"usage/config.html"}]},{"name":"Algorithm Development","href":"dev/home.html","topicHref":"dev/home.html","includedFrom":"~/user_guide/dev/toc.yml","items":[{"name":"Algorithm Creation","href":"dev/creation.html","topicHref":"dev/creation.html"},{"name":"Implementation Walkthrough","href":"dev/demo.html","topicHref":"dev/demo.html"},{"name":"Advanced Features","href":"dev/advanced.html","topicHref":"dev/advanced.html"}]}]}
