
{"items":[{"name":"Installation Guide","href":"installation_guide/home.html","tocHref":"installation_guide/toc.json","topicHref":"installation_guide/home.html"},{"name":"Amoebot Model","href":"amoebot_model/home.html","tocHref":"amoebot_model/toc.json","topicHref":"amoebot_model/home.html"},{"name":"User Guide","href":"user_guide/home.html","tocHref":"user_guide/toc.json","topicHref":"user_guide/home.html"},{"name":"Model Reference","href":"model_ref/home.html","tocHref":"model_ref/toc.json","topicHref":"model_ref/home.html"},{"name":"Dev Guide","href":"dev_guide/home.html","tocHref":"dev_guide/toc.json","topicHref":"dev_guide/home.html"},{"name":"API Documentation","href":"api/index.html","tocHref":"api/toc.json","topicHref":"api/index.html"}]}
