
{"items":[{"name":"General","href":"general.html","topicHref":"general.html"},{"name":"Neighbor Discovery","href":"neighbors.html","topicHref":"neighbors.html"},{"name":"Round Simulation","href":"rounds.html","topicHref":"rounds.html"},{"name":"Directions and Compass","href":"direction.html","topicHref":"direction.html"},{"name":"Chirality","href":"chirality.html","topicHref":"chirality.html"},{"name":"Particle Attributes","href":"attrs.html","topicHref":"attrs.html"},{"name":"Pin Configurations","href":"pin_cfgs.html","topicHref":"pin_cfgs.html"},{"name":"Messages","href":"messages.html","topicHref":"messages.html"},{"name":"Bonds and Joint Movements","href":"bonds_jm.html","topicHref":"bonds_jm.html"},{"name":"Subroutines","href":"subroutines.html","topicHref":"subroutines.html"},{"name":"Status Info Methods","href":"status_info.html","topicHref":"status_info.html"},{"name":"Objects","href":"objects.html","topicHref":"objects.html"},{"name":"Collisions and Line Drawer","href":"collisions.html","topicHref":"collisions.html"}]}
