
{"items":[{"name":"AS2","href":"AS2.html","topicHref":"AS2.html","topicUid":"AS2","items":[{"name":"AlgorithmGenerator","href":"AS2.AlgorithmGenerator.html","topicHref":"AS2.AlgorithmGenerator.html","topicUid":"AS2.AlgorithmGenerator"},{"name":"AlgorithmGeneratorEditor","href":"AS2.AlgorithmGeneratorEditor.html","topicHref":"AS2.AlgorithmGeneratorEditor.html","topicUid":"AS2.AlgorithmGeneratorEditor"},{"name":"AlgorithmManager","href":"AS2.AlgorithmManager.html","topicHref":"AS2.AlgorithmManager.html","topicUid":"AS2.AlgorithmManager"},{"name":"AlgorithmManager.AlgorithmInfo","href":"AS2.AlgorithmManager.AlgorithmInfo.html","topicHref":"AS2.AlgorithmManager.AlgorithmInfo.html","topicUid":"AS2.AlgorithmManager.AlgorithmInfo"},{"name":"AmoebotFunctions","href":"AS2.AmoebotFunctions.html","topicHref":"AS2.AmoebotFunctions.html","topicUid":"AS2.AmoebotFunctions"},{"name":"AmoebotSimulator","href":"AS2.AmoebotSimulator.html","topicHref":"AS2.AmoebotSimulator.html","topicUid":"AS2.AmoebotSimulator"},{"name":"CameraUtils","href":"AS2.CameraUtils.html","topicHref":"AS2.CameraUtils.html","topicUid":"AS2.CameraUtils"},{"name":"CellRect","href":"AS2.CellRect.html","topicHref":"AS2.CellRect.html","topicUid":"AS2.CellRect"},{"name":"CellRect.CellRect_Iterator","href":"AS2.CellRect.CellRect_Iterator.html","topicHref":"AS2.CellRect.CellRect_Iterator.html","topicUid":"AS2.CellRect.CellRect_Iterator"},{"name":"ColorData","href":"AS2.ColorData.html","topicHref":"AS2.ColorData.html","topicUid":"AS2.ColorData"},{"name":"Config","href":"AS2.Config.html","topicHref":"AS2.Config.html","topicUid":"AS2.Config"},{"name":"ConfigData","href":"AS2.ConfigData.html","topicHref":"AS2.ConfigData.html","topicUid":"AS2.ConfigData"},{"name":"ConfigData.AdditionalConfiguration","href":"AS2.ConfigData.AdditionalConfiguration.html","topicHref":"AS2.ConfigData.AdditionalConfiguration.html","topicUid":"AS2.ConfigData.AdditionalConfiguration"},{"name":"ConfigData.SettingsMenu","href":"AS2.ConfigData.SettingsMenu.html","topicHref":"AS2.ConfigData.SettingsMenu.html","topicUid":"AS2.ConfigData.SettingsMenu"},{"name":"ConfigurationEditor","href":"AS2.ConfigurationEditor.html","topicHref":"AS2.ConfigurationEditor.html","topicUid":"AS2.ConfigurationEditor"},{"name":"ConfigurationEditorBehavior","href":"AS2.ConfigurationEditorBehavior.html","topicHref":"AS2.ConfigurationEditorBehavior.html","topicUid":"AS2.ConfigurationEditorBehavior"},{"name":"Constants","href":"AS2.Constants.html","topicHref":"AS2.Constants.html","topicUid":"AS2.Constants"},{"name":"Direction","href":"AS2.Direction.html","topicHref":"AS2.Direction.html","topicUid":"AS2.Direction"},{"name":"DirectionHelpers","href":"AS2.DirectionHelpers.html","topicHref":"AS2.DirectionHelpers.html","topicUid":"AS2.DirectionHelpers"},{"name":"EventDatabase","href":"AS2.EventDatabase.html","topicHref":"AS2.EventDatabase.html","topicUid":"AS2.EventDatabase"},{"name":"FileBrowser","href":"AS2.FileBrowser.html","topicHref":"AS2.FileBrowser.html","topicUid":"AS2.FileBrowser"},{"name":"FileBrowser.FileTypeHandler","href":"AS2.FileBrowser.FileTypeHandler.html","topicHref":"AS2.FileBrowser.FileTypeHandler.html","topicUid":"AS2.FileBrowser.FileTypeHandler"},{"name":"FilePaths","href":"AS2.FilePaths.html","topicHref":"AS2.FilePaths.html","topicUid":"AS2.FilePaths"},{"name":"InitModeSaveData","href":"AS2.InitModeSaveData.html","topicHref":"AS2.InitModeSaveData.html","topicUid":"AS2.InitModeSaveData"},{"name":"InitParticleSaveData","href":"AS2.InitParticleSaveData.html","topicHref":"AS2.InitParticleSaveData.html","topicUid":"AS2.InitParticleSaveData"},{"name":"InitRandomWithHoles","href":"AS2.InitRandomWithHoles.html","topicHref":"AS2.InitRandomWithHoles.html","topicUid":"AS2.InitRandomWithHoles"},{"name":"Initialization","href":"AS2.Initialization.html","topicHref":"AS2.Initialization.html","topicUid":"AS2.Initialization"},{"name":"Initialization.Chirality","href":"AS2.Initialization.Chirality.html","topicHref":"AS2.Initialization.Chirality.html","topicUid":"AS2.Initialization.Chirality"},{"name":"Initialization.Compass","href":"AS2.Initialization.Compass.html","topicHref":"AS2.Initialization.Compass.html","topicUid":"AS2.Initialization.Compass"},{"name":"InitializationMethod","href":"AS2.InitializationMethod.html","topicHref":"AS2.InitializationMethod.html","topicUid":"AS2.InitializationMethod"},{"name":"InitializationMethod.DistanceSortedVectorList","href":"AS2.InitializationMethod.DistanceSortedVectorList.html","topicHref":"AS2.InitializationMethod.DistanceSortedVectorList.html","topicUid":"AS2.InitializationMethod.DistanceSortedVectorList"},{"name":"InitializationMethodManager","href":"AS2.InitializationMethodManager.html","topicHref":"AS2.InitializationMethodManager.html","topicUid":"AS2.InitializationMethodManager"},{"name":"InitializationMethodManager.AlgorithmInfo","href":"AS2.InitializationMethodManager.AlgorithmInfo.html","topicHref":"AS2.InitializationMethodManager.AlgorithmInfo.html","topicUid":"AS2.InitializationMethodManager.AlgorithmInfo"},{"name":"InitializationStateSaveData","href":"AS2.InitializationStateSaveData.html","topicHref":"AS2.InitializationStateSaveData.html","topicUid":"AS2.InitializationStateSaveData"},{"name":"Log","href":"AS2.Log.html","topicHref":"AS2.Log.html","topicUid":"AS2.Log"},{"name":"MaterialDatabase","href":"AS2.MaterialDatabase.html","topicHref":"AS2.MaterialDatabase.html","topicUid":"AS2.MaterialDatabase"},{"name":"MessageSaveData","href":"AS2.MessageSaveData.html","topicHref":"AS2.MessageSaveData.html","topicUid":"AS2.MessageSaveData"},{"name":"MinMax","href":"AS2.MinMax.html","topicHref":"AS2.MinMax.html","topicUid":"AS2.MinMax"},{"name":"MouseController","href":"AS2.MouseController.html","topicHref":"AS2.MouseController.html","topicUid":"AS2.MouseController"},{"name":"PSPlacementMode","href":"AS2.PSPlacementMode.html","topicHref":"AS2.PSPlacementMode.html","topicUid":"AS2.PSPlacementMode"},{"name":"ParticleAttributeEnumSaveData","href":"AS2.ParticleAttributeEnumSaveData.html","topicHref":"AS2.ParticleAttributeEnumSaveData.html","topicUid":"AS2.ParticleAttributeEnumSaveData"},{"name":"ParticleAttributePCSaveData","href":"AS2.ParticleAttributePCSaveData.html","topicHref":"AS2.ParticleAttributePCSaveData.html","topicUid":"AS2.ParticleAttributePCSaveData"},{"name":"ParticleAttributeSaveDataBase","href":"AS2.ParticleAttributeSaveDataBase.html","topicHref":"AS2.ParticleAttributeSaveDataBase.html","topicUid":"AS2.ParticleAttributeSaveDataBase"},{"name":"ParticleAttributeSaveData<T>","href":"AS2.ParticleAttributeSaveData-1.html","topicHref":"AS2.ParticleAttributeSaveData-1.html","topicUid":"AS2.ParticleAttributeSaveData`1"},{"name":"ParticleObjectSaveData","href":"AS2.ParticleObjectSaveData.html","topicHref":"AS2.ParticleObjectSaveData.html","topicUid":"AS2.ParticleObjectSaveData"},{"name":"ParticleStateSaveData","href":"AS2.ParticleStateSaveData.html","topicHref":"AS2.ParticleStateSaveData.html","topicUid":"AS2.ParticleStateSaveData"},{"name":"PinConfigurationHistorySaveData","href":"AS2.PinConfigurationHistorySaveData.html","topicHref":"AS2.PinConfigurationHistorySaveData.html","topicUid":"AS2.PinConfigurationHistorySaveData"},{"name":"PinConfigurationSaveData","href":"AS2.PinConfigurationSaveData.html","topicHref":"AS2.PinConfigurationSaveData.html","topicUid":"AS2.PinConfigurationSaveData"},{"name":"RandomNumberGenerator","href":"AS2.RandomNumberGenerator.html","topicHref":"AS2.RandomNumberGenerator.html","topicUid":"AS2.RandomNumberGenerator"},{"name":"SaveStateUtility","href":"AS2.SaveStateUtility.html","topicHref":"AS2.SaveStateUtility.html","topicUid":"AS2.SaveStateUtility"},{"name":"SimulationStateSaveData","href":"AS2.SimulationStateSaveData.html","topicHref":"AS2.SimulationStateSaveData.html","topicUid":"AS2.SimulationStateSaveData"},{"name":"StatusInfoAttribute","href":"AS2.StatusInfoAttribute.html","topicHref":"AS2.StatusInfoAttribute.html","topicUid":"AS2.StatusInfoAttribute"},{"name":"TypeConverter","href":"AS2.TypeConverter.html","topicHref":"AS2.TypeConverter.html","topicUid":"AS2.TypeConverter"},{"name":"TypeConverter.ConversionResult","href":"AS2.TypeConverter.ConversionResult.html","topicHref":"AS2.TypeConverter.ConversionResult.html","topicUid":"AS2.TypeConverter.ConversionResult"},{"name":"UIDatabase","href":"AS2.UIDatabase.html","topicHref":"AS2.UIDatabase.html","topicUid":"AS2.UIDatabase"},{"name":"ValueHistorySaveData<T>","href":"AS2.ValueHistorySaveData-1.html","topicHref":"AS2.ValueHistorySaveData-1.html","topicUid":"AS2.ValueHistorySaveData`1"}]},{"name":"AS2.Algos.BeepFailureTest","href":"AS2.Algos.BeepFailureTest.html","topicHref":"AS2.Algos.BeepFailureTest.html","topicUid":"AS2.Algos.BeepFailureTest","items":[{"name":"BeepFailureTestParticle","href":"AS2.Algos.BeepFailureTest.BeepFailureTestParticle.html","topicHref":"AS2.Algos.BeepFailureTest.BeepFailureTestParticle.html","topicUid":"AS2.Algos.BeepFailureTest.BeepFailureTestParticle"}]},{"name":"AS2.Algos.BoundaryTest","href":"AS2.Algos.BoundaryTest.html","topicHref":"AS2.Algos.BoundaryTest.html","topicUid":"AS2.Algos.BoundaryTest","items":[{"name":"BoundaryTestParticle","href":"AS2.Algos.BoundaryTest.BoundaryTestParticle.html","topicHref":"AS2.Algos.BoundaryTest.BoundaryTestParticle.html","topicUid":"AS2.Algos.BoundaryTest.BoundaryTestParticle"},{"name":"Phase","href":"AS2.Algos.BoundaryTest.Phase.html","topicHref":"AS2.Algos.BoundaryTest.Phase.html","topicUid":"AS2.Algos.BoundaryTest.Phase"},{"name":"SCMode","href":"AS2.Algos.BoundaryTest.SCMode.html","topicHref":"AS2.Algos.BoundaryTest.SCMode.html","topicUid":"AS2.Algos.BoundaryTest.SCMode"}]},{"name":"AS2.Algos.ChiralityCompass","href":"AS2.Algos.ChiralityCompass.html","topicHref":"AS2.Algos.ChiralityCompass.html","topicUid":"AS2.Algos.ChiralityCompass","items":[{"name":"ChiralityAndCompassInitializer","href":"AS2.Algos.ChiralityCompass.ChiralityAndCompassInitializer.html","topicHref":"AS2.Algos.ChiralityCompass.ChiralityAndCompassInitializer.html","topicUid":"AS2.Algos.ChiralityCompass.ChiralityAndCompassInitializer"},{"name":"ChiralityAndCompassParticle","href":"AS2.Algos.ChiralityCompass.ChiralityAndCompassParticle.html","topicHref":"AS2.Algos.ChiralityCompass.ChiralityAndCompassParticle.html","topicUid":"AS2.Algos.ChiralityCompass.ChiralityAndCompassParticle"},{"name":"CoinTossResult","href":"AS2.Algos.ChiralityCompass.CoinTossResult.html","topicHref":"AS2.Algos.ChiralityCompass.CoinTossResult.html","topicUid":"AS2.Algos.ChiralityCompass.CoinTossResult"},{"name":"DirectionMessage","href":"AS2.Algos.ChiralityCompass.DirectionMessage.html","topicHref":"AS2.Algos.ChiralityCompass.DirectionMessage.html","topicUid":"AS2.Algos.ChiralityCompass.DirectionMessage"}]},{"name":"AS2.Algos.CollisionTestAlgo","href":"AS2.Algos.CollisionTestAlgo.html","topicHref":"AS2.Algos.CollisionTestAlgo.html","topicUid":"AS2.Algos.CollisionTestAlgo","items":[{"name":"CollisionTestAlgoInitializer","href":"AS2.Algos.CollisionTestAlgo.CollisionTestAlgoInitializer.html","topicHref":"AS2.Algos.CollisionTestAlgo.CollisionTestAlgoInitializer.html","topicUid":"AS2.Algos.CollisionTestAlgo.CollisionTestAlgoInitializer"},{"name":"CollisionTestAlgoParticle","href":"AS2.Algos.CollisionTestAlgo.CollisionTestAlgoParticle.html","topicHref":"AS2.Algos.CollisionTestAlgo.CollisionTestAlgoParticle.html","topicUid":"AS2.Algos.CollisionTestAlgo.CollisionTestAlgoParticle"}]},{"name":"AS2.Algos.CollisionTestAlgo2","href":"AS2.Algos.CollisionTestAlgo2.html","topicHref":"AS2.Algos.CollisionTestAlgo2.html","topicUid":"AS2.Algos.CollisionTestAlgo2","items":[{"name":"CollisionTestAlgo2Initializer","href":"AS2.Algos.CollisionTestAlgo2.CollisionTestAlgo2Initializer.html","topicHref":"AS2.Algos.CollisionTestAlgo2.CollisionTestAlgo2Initializer.html","topicUid":"AS2.Algos.CollisionTestAlgo2.CollisionTestAlgo2Initializer"},{"name":"CollisionTestAlgo2Particle","href":"AS2.Algos.CollisionTestAlgo2.CollisionTestAlgo2Particle.html","topicHref":"AS2.Algos.CollisionTestAlgo2.CollisionTestAlgo2Particle.html","topicUid":"AS2.Algos.CollisionTestAlgo2.CollisionTestAlgo2Particle"},{"name":"Role","href":"AS2.Algos.CollisionTestAlgo2.Role.html","topicHref":"AS2.Algos.CollisionTestAlgo2.Role.html","topicUid":"AS2.Algos.CollisionTestAlgo2.Role"}]},{"name":"AS2.Algos.ExpandedCircuitTest","href":"AS2.Algos.ExpandedCircuitTest.html","topicHref":"AS2.Algos.ExpandedCircuitTest.html","topicUid":"AS2.Algos.ExpandedCircuitTest","items":[{"name":"ExpandedCircuitTestInitializer","href":"AS2.Algos.ExpandedCircuitTest.ExpandedCircuitTestInitializer.html","topicHref":"AS2.Algos.ExpandedCircuitTest.ExpandedCircuitTestInitializer.html","topicUid":"AS2.Algos.ExpandedCircuitTest.ExpandedCircuitTestInitializer"},{"name":"ExpandedCircuitTestParticle","href":"AS2.Algos.ExpandedCircuitTest.ExpandedCircuitTestParticle.html","topicHref":"AS2.Algos.ExpandedCircuitTest.ExpandedCircuitTestParticle.html","topicUid":"AS2.Algos.ExpandedCircuitTest.ExpandedCircuitTestParticle"}]},{"name":"AS2.Algos.JMTest","href":"AS2.Algos.JMTest.html","topicHref":"AS2.Algos.JMTest.html","topicUid":"AS2.Algos.JMTest","items":[{"name":"JMTestInitializer","href":"AS2.Algos.JMTest.JMTestInitializer.html","topicHref":"AS2.Algos.JMTest.JMTestInitializer.html","topicUid":"AS2.Algos.JMTest.JMTestInitializer"},{"name":"JMTestParticle","href":"AS2.Algos.JMTest.JMTestParticle.html","topicHref":"AS2.Algos.JMTest.JMTestParticle.html","topicUid":"AS2.Algos.JMTest.JMTestParticle"}]},{"name":"AS2.Algos.LeaderElection","href":"AS2.Algos.LeaderElection.html","topicHref":"AS2.Algos.LeaderElection.html","topicUid":"AS2.Algos.LeaderElection","items":[{"name":"LeaderElectionInitializer","href":"AS2.Algos.LeaderElection.LeaderElectionInitializer.html","topicHref":"AS2.Algos.LeaderElection.LeaderElectionInitializer.html","topicUid":"AS2.Algos.LeaderElection.LeaderElectionInitializer"},{"name":"LeaderElectionParticle","href":"AS2.Algos.LeaderElection.LeaderElectionParticle.html","topicHref":"AS2.Algos.LeaderElection.LeaderElectionParticle.html","topicUid":"AS2.Algos.LeaderElection.LeaderElectionParticle"}]},{"name":"AS2.Algos.LineFormation","href":"AS2.Algos.LineFormation.html","topicHref":"AS2.Algos.LineFormation.html","topicUid":"AS2.Algos.LineFormation","items":[{"name":"LineFormationInitializer","href":"AS2.Algos.LineFormation.LineFormationInitializer.html","topicHref":"AS2.Algos.LineFormation.LineFormationInitializer.html","topicUid":"AS2.Algos.LineFormation.LineFormationInitializer"},{"name":"LineFormationParticleSync","href":"AS2.Algos.LineFormation.LineFormationParticleSync.html","topicHref":"AS2.Algos.LineFormation.LineFormationParticleSync.html","topicUid":"AS2.Algos.LineFormation.LineFormationParticleSync"},{"name":"LineFormationParticleSync.LFState","href":"AS2.Algos.LineFormation.LineFormationParticleSync.LFState.html","topicHref":"AS2.Algos.LineFormation.LineFormationParticleSync.LFState.html","topicUid":"AS2.Algos.LineFormation.LineFormationParticleSync.LFState"},{"name":"MyMessage","href":"AS2.Algos.LineFormation.MyMessage.html","topicHref":"AS2.Algos.LineFormation.MyMessage.html","topicUid":"AS2.Algos.LineFormation.MyMessage"},{"name":"MyMessage.Direction","href":"AS2.Algos.LineFormation.MyMessage.Direction.html","topicHref":"AS2.Algos.LineFormation.MyMessage.Direction.html","topicUid":"AS2.Algos.LineFormation.MyMessage.Direction"}]},{"name":"AS2.Algos.ObjectTest","href":"AS2.Algos.ObjectTest.html","topicHref":"AS2.Algos.ObjectTest.html","topicUid":"AS2.Algos.ObjectTest","items":[{"name":"ObjectTestInitializer","href":"AS2.Algos.ObjectTest.ObjectTestInitializer.html","topicHref":"AS2.Algos.ObjectTest.ObjectTestInitializer.html","topicUid":"AS2.Algos.ObjectTest.ObjectTestInitializer"},{"name":"ObjectTestParticle","href":"AS2.Algos.ObjectTest.ObjectTestParticle.html","topicHref":"AS2.Algos.ObjectTest.ObjectTestParticle.html","topicUid":"AS2.Algos.ObjectTest.ObjectTestParticle"}]},{"name":"AS2.Algos.SmartMaterial","href":"AS2.Algos.SmartMaterial.html","topicHref":"AS2.Algos.SmartMaterial.html","topicUid":"AS2.Algos.SmartMaterial","items":[{"name":"SmartMaterialInitializer","href":"AS2.Algos.SmartMaterial.SmartMaterialInitializer.html","topicHref":"AS2.Algos.SmartMaterial.SmartMaterialInitializer.html","topicUid":"AS2.Algos.SmartMaterial.SmartMaterialInitializer"},{"name":"SmartMaterialParticle","href":"AS2.Algos.SmartMaterial.SmartMaterialParticle.html","topicHref":"AS2.Algos.SmartMaterial.SmartMaterialParticle.html","topicUid":"AS2.Algos.SmartMaterial.SmartMaterialParticle"}]},{"name":"AS2.Sim","href":"AS2.Sim.html","topicHref":"AS2.Sim.html","topicUid":"AS2.Sim","items":[{"name":"ActionType","href":"AS2.Sim.ActionType.html","topicHref":"AS2.Sim.ActionType.html","topicUid":"AS2.Sim.ActionType"},{"name":"AlgorithmException","href":"AS2.Sim.AlgorithmException.html","topicHref":"AS2.Sim.AlgorithmException.html","topicUid":"AS2.Sim.AlgorithmException"},{"name":"AmoebotSimException","href":"AS2.Sim.AmoebotSimException.html","topicHref":"AS2.Sim.AmoebotSimException.html","topicUid":"AS2.Sim.AmoebotSimException"},{"name":"BondMovementInfo","href":"AS2.Sim.BondMovementInfo.html","topicHref":"AS2.Sim.BondMovementInfo.html","topicUid":"AS2.Sim.BondMovementInfo"},{"name":"BondMovementInfoList","href":"AS2.Sim.BondMovementInfoList.html","topicHref":"AS2.Sim.BondMovementInfoList.html","topicUid":"AS2.Sim.BondMovementInfoList"},{"name":"Circuit","href":"AS2.Sim.Circuit.html","topicHref":"AS2.Sim.Circuit.html","topicUid":"AS2.Sim.Circuit"},{"name":"CollisionChecker","href":"AS2.Sim.CollisionChecker.html","topicHref":"AS2.Sim.CollisionChecker.html","topicUid":"AS2.Sim.CollisionChecker"},{"name":"CollisionChecker.DebugLine","href":"AS2.Sim.CollisionChecker.DebugLine.html","topicHref":"AS2.Sim.CollisionChecker.DebugLine.html","topicUid":"AS2.Sim.CollisionChecker.DebugLine"},{"name":"EdgeMovement","href":"AS2.Sim.EdgeMovement.html","topicHref":"AS2.Sim.EdgeMovement.html","topicUid":"AS2.Sim.EdgeMovement"},{"name":"IParticleAttribute","href":"AS2.Sim.IParticleAttribute.html","topicHref":"AS2.Sim.IParticleAttribute.html","topicUid":"AS2.Sim.IParticleAttribute"},{"name":"IParticleObject","href":"AS2.Sim.IParticleObject.html","topicHref":"AS2.Sim.IParticleObject.html","topicUid":"AS2.Sim.IParticleObject"},{"name":"IReplayHistory","href":"AS2.Sim.IReplayHistory.html","topicHref":"AS2.Sim.IReplayHistory.html","topicUid":"AS2.Sim.IReplayHistory"},{"name":"InitializationParticle","href":"AS2.Sim.InitializationParticle.html","topicHref":"AS2.Sim.InitializationParticle.html","topicUid":"AS2.Sim.InitializationParticle"},{"name":"InvalidActionException","href":"AS2.Sim.InvalidActionException.html","topicHref":"AS2.Sim.InvalidActionException.html","topicUid":"AS2.Sim.InvalidActionException"},{"name":"JointMovementInfo","href":"AS2.Sim.JointMovementInfo.html","topicHref":"AS2.Sim.JointMovementInfo.html","topicUid":"AS2.Sim.JointMovementInfo"},{"name":"Message","href":"AS2.Sim.Message.html","topicHref":"AS2.Sim.Message.html","topicUid":"AS2.Sim.Message"},{"name":"Neighbor<T>","href":"AS2.Sim.Neighbor-1.html","topicHref":"AS2.Sim.Neighbor-1.html","topicUid":"AS2.Sim.Neighbor`1"},{"name":"OpenInitParticle","href":"AS2.Sim.OpenInitParticle.html","topicHref":"AS2.Sim.OpenInitParticle.html","topicUid":"AS2.Sim.OpenInitParticle"},{"name":"Particle","href":"AS2.Sim.Particle.html","topicHref":"AS2.Sim.Particle.html","topicUid":"AS2.Sim.Particle"},{"name":"ParticleAction","href":"AS2.Sim.ParticleAction.html","topicHref":"AS2.Sim.ParticleAction.html","topicUid":"AS2.Sim.ParticleAction"},{"name":"ParticleAlgorithm","href":"AS2.Sim.ParticleAlgorithm.html","topicHref":"AS2.Sim.ParticleAlgorithm.html","topicUid":"AS2.Sim.ParticleAlgorithm"},{"name":"ParticleAttributeBase","href":"AS2.Sim.ParticleAttributeBase.html","topicHref":"AS2.Sim.ParticleAttributeBase.html","topicUid":"AS2.Sim.ParticleAttributeBase"},{"name":"ParticleAttributeFactory","href":"AS2.Sim.ParticleAttributeFactory.html","topicHref":"AS2.Sim.ParticleAttributeFactory.html","topicUid":"AS2.Sim.ParticleAttributeFactory"},{"name":"ParticleAttributeWithHistory<T>","href":"AS2.Sim.ParticleAttributeWithHistory-1.html","topicHref":"AS2.Sim.ParticleAttributeWithHistory-1.html","topicUid":"AS2.Sim.ParticleAttributeWithHistory`1"},{"name":"ParticleAttribute_Bool","href":"AS2.Sim.ParticleAttribute_Bool.html","topicHref":"AS2.Sim.ParticleAttribute_Bool.html","topicUid":"AS2.Sim.ParticleAttribute_Bool"},{"name":"ParticleAttribute_Direction","href":"AS2.Sim.ParticleAttribute_Direction.html","topicHref":"AS2.Sim.ParticleAttribute_Direction.html","topicUid":"AS2.Sim.ParticleAttribute_Direction"},{"name":"ParticleAttribute_Enum<T>","href":"AS2.Sim.ParticleAttribute_Enum-1.html","topicHref":"AS2.Sim.ParticleAttribute_Enum-1.html","topicUid":"AS2.Sim.ParticleAttribute_Enum`1"},{"name":"ParticleAttribute_Float","href":"AS2.Sim.ParticleAttribute_Float.html","topicHref":"AS2.Sim.ParticleAttribute_Float.html","topicUid":"AS2.Sim.ParticleAttribute_Float"},{"name":"ParticleAttribute_Int","href":"AS2.Sim.ParticleAttribute_Int.html","topicHref":"AS2.Sim.ParticleAttribute_Int.html","topicUid":"AS2.Sim.ParticleAttribute_Int"},{"name":"ParticleAttribute_PinConfiguration","href":"AS2.Sim.ParticleAttribute_PinConfiguration.html","topicHref":"AS2.Sim.ParticleAttribute_PinConfiguration.html","topicUid":"AS2.Sim.ParticleAttribute_PinConfiguration"},{"name":"ParticleAttribute_String","href":"AS2.Sim.ParticleAttribute_String.html","topicHref":"AS2.Sim.ParticleAttribute_String.html","topicUid":"AS2.Sim.ParticleAttribute_String"},{"name":"ParticleAttribute<T>","href":"AS2.Sim.ParticleAttribute-1.html","topicHref":"AS2.Sim.ParticleAttribute-1.html","topicUid":"AS2.Sim.ParticleAttribute`1"},{"name":"ParticleException","href":"AS2.Sim.ParticleException.html","topicHref":"AS2.Sim.ParticleException.html","topicUid":"AS2.Sim.ParticleException"},{"name":"ParticleFactory","href":"AS2.Sim.ParticleFactory.html","topicHref":"AS2.Sim.ParticleFactory.html","topicUid":"AS2.Sim.ParticleFactory"},{"name":"ParticleObject","href":"AS2.Sim.ParticleObject.html","topicHref":"AS2.Sim.ParticleObject.html","topicUid":"AS2.Sim.ParticleObject"},{"name":"ParticleSystem","href":"AS2.Sim.ParticleSystem.html","topicHref":"AS2.Sim.ParticleSystem.html","topicUid":"AS2.Sim.ParticleSystem"},{"name":"ParticleSystem_Utils","href":"AS2.Sim.ParticleSystem_Utils.html","topicHref":"AS2.Sim.ParticleSystem_Utils.html","topicUid":"AS2.Sim.ParticleSystem_Utils"},{"name":"PartitionSet","href":"AS2.Sim.PartitionSet.html","topicHref":"AS2.Sim.PartitionSet.html","topicUid":"AS2.Sim.PartitionSet"},{"name":"Pin","href":"AS2.Sim.Pin.html","topicHref":"AS2.Sim.Pin.html","topicUid":"AS2.Sim.Pin"},{"name":"PinConfiguration","href":"AS2.Sim.PinConfiguration.html","topicHref":"AS2.Sim.PinConfiguration.html","topicUid":"AS2.Sim.PinConfiguration"},{"name":"SimulationException","href":"AS2.Sim.SimulationException.html","topicHref":"AS2.Sim.SimulationException.html","topicUid":"AS2.Sim.SimulationException"},{"name":"SimulatorException","href":"AS2.Sim.SimulatorException.html","topicHref":"AS2.Sim.SimulatorException.html","topicUid":"AS2.Sim.SimulatorException"},{"name":"SimulatorStateException","href":"AS2.Sim.SimulatorStateException.html","topicHref":"AS2.Sim.SimulatorStateException.html","topicUid":"AS2.Sim.SimulatorStateException"},{"name":"SysPartitionSet","href":"AS2.Sim.SysPartitionSet.html","topicHref":"AS2.Sim.SysPartitionSet.html","topicUid":"AS2.Sim.SysPartitionSet"},{"name":"SysPin","href":"AS2.Sim.SysPin.html","topicHref":"AS2.Sim.SysPin.html","topicUid":"AS2.Sim.SysPin"},{"name":"SysPinConfiguration","href":"AS2.Sim.SysPinConfiguration.html","topicHref":"AS2.Sim.SysPinConfiguration.html","topicUid":"AS2.Sim.SysPinConfiguration"},{"name":"ValueHistoryBondInfo","href":"AS2.Sim.ValueHistoryBondInfo.html","topicHref":"AS2.Sim.ValueHistoryBondInfo.html","topicUid":"AS2.Sim.ValueHistoryBondInfo"},{"name":"ValueHistoryJointMovement","href":"AS2.Sim.ValueHistoryJointMovement.html","topicHref":"AS2.Sim.ValueHistoryJointMovement.html","topicUid":"AS2.Sim.ValueHistoryJointMovement"},{"name":"ValueHistoryMessage","href":"AS2.Sim.ValueHistoryMessage.html","topicHref":"AS2.Sim.ValueHistoryMessage.html","topicUid":"AS2.Sim.ValueHistoryMessage"},{"name":"ValueHistoryPinConfiguration","href":"AS2.Sim.ValueHistoryPinConfiguration.html","topicHref":"AS2.Sim.ValueHistoryPinConfiguration.html","topicUid":"AS2.Sim.ValueHistoryPinConfiguration"},{"name":"ValueHistory<T>","href":"AS2.Sim.ValueHistory-1.html","topicHref":"AS2.Sim.ValueHistory-1.html","topicUid":"AS2.Sim.ValueHistory`1"}]},{"name":"AS2.UI","href":"AS2.UI.html","topicHref":"AS2.UI.html","topicUid":"AS2.UI","items":[{"name":"ButtonHoldTrigger","href":"AS2.UI.ButtonHoldTrigger.html","topicHref":"AS2.UI.ButtonHoldTrigger.html","topicUid":"AS2.UI.ButtonHoldTrigger"},{"name":"ClickAction","href":"AS2.UI.ClickAction.html","topicHref":"AS2.UI.ClickAction.html","topicUid":"AS2.UI.ClickAction"},{"name":"ClickAction.ClickButton","href":"AS2.UI.ClickAction.ClickButton.html","topicHref":"AS2.UI.ClickAction.ClickButton.html","topicUid":"AS2.UI.ClickAction.ClickButton"},{"name":"ClickAction.ClickType","href":"AS2.UI.ClickAction.ClickType.html","topicHref":"AS2.UI.ClickAction.ClickType.html","topicUid":"AS2.UI.ClickAction.ClickType"},{"name":"InitializationUIHandler","href":"AS2.UI.InitializationUIHandler.html","topicHref":"AS2.UI.InitializationUIHandler.html","topicUid":"AS2.UI.InitializationUIHandler"},{"name":"InputAction","href":"AS2.UI.InputAction.html","topicHref":"AS2.UI.InputAction.html","topicUid":"AS2.UI.InputAction"},{"name":"InputAction.InputType","href":"AS2.UI.InputAction.InputType.html","topicHref":"AS2.UI.InputAction.InputType.html","topicUid":"AS2.UI.InputAction.InputType"},{"name":"InputController","href":"AS2.UI.InputController.html","topicHref":"AS2.UI.InputController.html","topicUid":"AS2.UI.InputController"},{"name":"InputHandler","href":"AS2.UI.InputHandler.html","topicHref":"AS2.UI.InputHandler.html","topicUid":"AS2.UI.InputHandler"},{"name":"InputHandler.MouseState","href":"AS2.UI.InputHandler.MouseState.html","topicHref":"AS2.UI.InputHandler.MouseState.html","topicUid":"AS2.UI.InputHandler.MouseState"},{"name":"InputManager","href":"AS2.UI.InputManager.html","topicHref":"AS2.UI.InputManager.html","topicUid":"AS2.UI.InputManager"},{"name":"LineDrawer","href":"AS2.UI.LineDrawer.html","topicHref":"AS2.UI.LineDrawer.html","topicUid":"AS2.UI.LineDrawer"},{"name":"LogUIHandler","href":"AS2.UI.LogUIHandler.html","topicHref":"AS2.UI.LogUIHandler.html","topicUid":"AS2.UI.LogUIHandler"},{"name":"LogUIHandler.EntryType","href":"AS2.UI.LogUIHandler.EntryType.html","topicHref":"AS2.UI.LogUIHandler.EntryType.html","topicUid":"AS2.UI.LogUIHandler.EntryType"},{"name":"ObjectUIHandler","href":"AS2.UI.ObjectUIHandler.html","topicHref":"AS2.UI.ObjectUIHandler.html","topicUid":"AS2.UI.ObjectUIHandler"},{"name":"ParticleUIExtensionSmoothLerp","href":"AS2.UI.ParticleUIExtensionSmoothLerp.html","topicHref":"AS2.UI.ParticleUIExtensionSmoothLerp.html","topicUid":"AS2.UI.ParticleUIExtensionSmoothLerp"},{"name":"ParticleUIHandler","href":"AS2.UI.ParticleUIHandler.html","topicHref":"AS2.UI.ParticleUIHandler.html","topicUid":"AS2.UI.ParticleUIHandler"},{"name":"SettingsUIHandler","href":"AS2.UI.SettingsUIHandler.html","topicHref":"AS2.UI.SettingsUIHandler.html","topicUid":"AS2.UI.SettingsUIHandler"},{"name":"SizeFitter","href":"AS2.UI.SizeFitter.html","topicHref":"AS2.UI.SizeFitter.html","topicUid":"AS2.UI.SizeFitter"},{"name":"Tooltip","href":"AS2.UI.Tooltip.html","topicHref":"AS2.UI.Tooltip.html","topicUid":"AS2.UI.Tooltip"},{"name":"TooltipHandler","href":"AS2.UI.TooltipHandler.html","topicHref":"AS2.UI.TooltipHandler.html","topicUid":"AS2.UI.TooltipHandler"},{"name":"UIHandler","href":"AS2.UI.UIHandler.html","topicHref":"AS2.UI.UIHandler.html","topicUid":"AS2.UI.UIHandler"},{"name":"UIHandler.UITool","href":"AS2.UI.UIHandler.UITool.html","topicHref":"AS2.UI.UIHandler.UITool.html","topicUid":"AS2.UI.UIHandler.UITool"},{"name":"UISetting","href":"AS2.UI.UISetting.html","topicHref":"AS2.UI.UISetting.html","topicUid":"AS2.UI.UISetting"},{"name":"UISetting_Color","href":"AS2.UI.UISetting_Color.html","topicHref":"AS2.UI.UISetting_Color.html","topicUid":"AS2.UI.UISetting_Color"},{"name":"UISetting_Color.InputType","href":"AS2.UI.UISetting_Color.InputType.html","topicHref":"AS2.UI.UISetting_Color.InputType.html","topicUid":"AS2.UI.UISetting_Color.InputType"},{"name":"UISetting_Dropdown","href":"AS2.UI.UISetting_Dropdown.html","topicHref":"AS2.UI.UISetting_Dropdown.html","topicUid":"AS2.UI.UISetting_Dropdown"},{"name":"UISetting_Header","href":"AS2.UI.UISetting_Header.html","topicHref":"AS2.UI.UISetting_Header.html","topicUid":"AS2.UI.UISetting_Header"},{"name":"UISetting_MinMax","href":"AS2.UI.UISetting_MinMax.html","topicHref":"AS2.UI.UISetting_MinMax.html","topicUid":"AS2.UI.UISetting_MinMax"},{"name":"UISetting_MinMax.InputType","href":"AS2.UI.UISetting_MinMax.InputType.html","topicHref":"AS2.UI.UISetting_MinMax.InputType.html","topicUid":"AS2.UI.UISetting_MinMax.InputType"},{"name":"UISetting_Slider","href":"AS2.UI.UISetting_Slider.html","topicHref":"AS2.UI.UISetting_Slider.html","topicUid":"AS2.UI.UISetting_Slider"},{"name":"UISetting_Spacing","href":"AS2.UI.UISetting_Spacing.html","topicHref":"AS2.UI.UISetting_Spacing.html","topicUid":"AS2.UI.UISetting_Spacing"},{"name":"UISetting_Text","href":"AS2.UI.UISetting_Text.html","topicHref":"AS2.UI.UISetting_Text.html","topicUid":"AS2.UI.UISetting_Text"},{"name":"UISetting_Text.InputType","href":"AS2.UI.UISetting_Text.InputType.html","topicHref":"AS2.UI.UISetting_Text.InputType.html","topicUid":"AS2.UI.UISetting_Text.InputType"},{"name":"UISetting_Toggle","href":"AS2.UI.UISetting_Toggle.html","topicHref":"AS2.UI.UISetting_Toggle.html","topicUid":"AS2.UI.UISetting_Toggle"},{"name":"UISetting_ValueSlider","href":"AS2.UI.UISetting_ValueSlider.html","topicHref":"AS2.UI.UISetting_ValueSlider.html","topicUid":"AS2.UI.UISetting_ValueSlider"},{"name":"WorldSpaceBackgroundUIHandler","href":"AS2.UI.WorldSpaceBackgroundUIHandler.html","topicHref":"AS2.UI.WorldSpaceBackgroundUIHandler.html","topicUid":"AS2.UI.WorldSpaceBackgroundUIHandler"},{"name":"WorldSpaceUIHandler","href":"AS2.UI.WorldSpaceUIHandler.html","topicHref":"AS2.UI.WorldSpaceUIHandler.html","topicUid":"AS2.UI.WorldSpaceUIHandler"},{"name":"WorldSpaceUIHandler.ParticleTextUIData","href":"AS2.UI.WorldSpaceUIHandler.ParticleTextUIData.html","topicHref":"AS2.UI.WorldSpaceUIHandler.ParticleTextUIData.html","topicUid":"AS2.UI.WorldSpaceUIHandler.ParticleTextUIData"},{"name":"WorldSpaceUIHandler.TextType","href":"AS2.UI.WorldSpaceUIHandler.TextType.html","topicHref":"AS2.UI.WorldSpaceUIHandler.TextType.html","topicUid":"AS2.UI.WorldSpaceUIHandler.TextType"}]},{"name":"AS2.Visuals","href":"AS2.Visuals.html","topicHref":"AS2.Visuals.html","topicUid":"AS2.Visuals","items":[{"name":"CircleDistributionCircleArea","href":"AS2.Visuals.CircleDistributionCircleArea.html","topicHref":"AS2.Visuals.CircleDistributionCircleArea.html","topicUid":"AS2.Visuals.CircleDistributionCircleArea"},{"name":"CircleDistributionCircleLine","href":"AS2.Visuals.CircleDistributionCircleLine.html","topicHref":"AS2.Visuals.CircleDistributionCircleLine.html","topicUid":"AS2.Visuals.CircleDistributionCircleLine"},{"name":"IGenerateDynamicMesh","href":"AS2.Visuals.IGenerateDynamicMesh.html","topicHref":"AS2.Visuals.IGenerateDynamicMesh.html","topicUid":"AS2.Visuals.IGenerateDynamicMesh"},{"name":"IObjectInfo","href":"AS2.Visuals.IObjectInfo.html","topicHref":"AS2.Visuals.IObjectInfo.html","topicUid":"AS2.Visuals.IObjectInfo"},{"name":"IParticleGraphicsAdapter","href":"AS2.Visuals.IParticleGraphicsAdapter.html","topicHref":"AS2.Visuals.IParticleGraphicsAdapter.html","topicUid":"AS2.Visuals.IParticleGraphicsAdapter"},{"name":"IParticleState","href":"AS2.Visuals.IParticleState.html","topicHref":"AS2.Visuals.IParticleState.html","topicUid":"AS2.Visuals.IParticleState"},{"name":"InstancedDrawer","href":"AS2.Visuals.InstancedDrawer.html","topicHref":"AS2.Visuals.InstancedDrawer.html","topicUid":"AS2.Visuals.InstancedDrawer"},{"name":"MaterialPropertyBlockData","href":"AS2.Visuals.MaterialPropertyBlockData.html","topicHref":"AS2.Visuals.MaterialPropertyBlockData.html","topicUid":"AS2.Visuals.MaterialPropertyBlockData"},{"name":"MaterialPropertyBlockData_Circuits","href":"AS2.Visuals.MaterialPropertyBlockData_Circuits.html","topicHref":"AS2.Visuals.MaterialPropertyBlockData_Circuits.html","topicUid":"AS2.Visuals.MaterialPropertyBlockData_Circuits"},{"name":"MaterialPropertyBlockData_Objects","href":"AS2.Visuals.MaterialPropertyBlockData_Objects.html","topicHref":"AS2.Visuals.MaterialPropertyBlockData_Objects.html","topicUid":"AS2.Visuals.MaterialPropertyBlockData_Objects"},{"name":"MaterialPropertyBlockData_Particles","href":"AS2.Visuals.MaterialPropertyBlockData_Particles.html","topicHref":"AS2.Visuals.MaterialPropertyBlockData_Particles.html","topicUid":"AS2.Visuals.MaterialPropertyBlockData_Particles"},{"name":"MeshCreator_CircularView","href":"AS2.Visuals.MeshCreator_CircularView.html","topicHref":"AS2.Visuals.MeshCreator_CircularView.html","topicUid":"AS2.Visuals.MeshCreator_CircularView"},{"name":"MeshCreator_HexagonalView","href":"AS2.Visuals.MeshCreator_HexagonalView.html","topicHref":"AS2.Visuals.MeshCreator_HexagonalView.html","topicUid":"AS2.Visuals.MeshCreator_HexagonalView"},{"name":"ObjectGraphicsAdapter","href":"AS2.Visuals.ObjectGraphicsAdapter.html","topicHref":"AS2.Visuals.ObjectGraphicsAdapter.html","topicUid":"AS2.Visuals.ObjectGraphicsAdapter"},{"name":"ObjectGraphicsAdapter.VertexInfo","href":"AS2.Visuals.ObjectGraphicsAdapter.VertexInfo.html","topicHref":"AS2.Visuals.ObjectGraphicsAdapter.VertexInfo.html","topicUid":"AS2.Visuals.ObjectGraphicsAdapter.VertexInfo"},{"name":"PSetDragHandler","href":"AS2.Visuals.PSetDragHandler.html","topicHref":"AS2.Visuals.PSetDragHandler.html","topicUid":"AS2.Visuals.PSetDragHandler"},{"name":"ParticleBondGraphicState","href":"AS2.Visuals.ParticleBondGraphicState.html","topicHref":"AS2.Visuals.ParticleBondGraphicState.html","topicUid":"AS2.Visuals.ParticleBondGraphicState"},{"name":"ParticleGraphicsAdapterImpl","href":"AS2.Visuals.ParticleGraphicsAdapterImpl.html","topicHref":"AS2.Visuals.ParticleGraphicsAdapterImpl.html","topicUid":"AS2.Visuals.ParticleGraphicsAdapterImpl"},{"name":"ParticleGraphicsAdapterImpl.ParticleMovement","href":"AS2.Visuals.ParticleGraphicsAdapterImpl.ParticleMovement.html","topicHref":"AS2.Visuals.ParticleGraphicsAdapterImpl.ParticleMovement.html","topicUid":"AS2.Visuals.ParticleGraphicsAdapterImpl.ParticleMovement"},{"name":"ParticleGraphicsAdapterImpl.PositionSnap","href":"AS2.Visuals.ParticleGraphicsAdapterImpl.PositionSnap.html","topicHref":"AS2.Visuals.ParticleGraphicsAdapterImpl.PositionSnap.html","topicUid":"AS2.Visuals.ParticleGraphicsAdapterImpl.PositionSnap"},{"name":"ParticleJointMovementState","href":"AS2.Visuals.ParticleJointMovementState.html","topicHref":"AS2.Visuals.ParticleJointMovementState.html","topicUid":"AS2.Visuals.ParticleJointMovementState"},{"name":"ParticleMovementState","href":"AS2.Visuals.ParticleMovementState.html","topicHref":"AS2.Visuals.ParticleMovementState.html","topicUid":"AS2.Visuals.ParticleMovementState"},{"name":"ParticlePinGraphicState","href":"AS2.Visuals.ParticlePinGraphicState.html","topicHref":"AS2.Visuals.ParticlePinGraphicState.html","topicUid":"AS2.Visuals.ParticlePinGraphicState"},{"name":"ParticlePinGraphicState.CodeOverrideType_Node","href":"AS2.Visuals.ParticlePinGraphicState.CodeOverrideType_Node.html","topicHref":"AS2.Visuals.ParticlePinGraphicState.CodeOverrideType_Node.html","topicUid":"AS2.Visuals.ParticlePinGraphicState.CodeOverrideType_Node"},{"name":"ParticlePinGraphicState.NeighborPinConnection","href":"AS2.Visuals.ParticlePinGraphicState.NeighborPinConnection.html","topicHref":"AS2.Visuals.ParticlePinGraphicState.NeighborPinConnection.html","topicUid":"AS2.Visuals.ParticlePinGraphicState.NeighborPinConnection"},{"name":"ParticlePinGraphicState.PSetData","href":"AS2.Visuals.ParticlePinGraphicState.PSetData.html","topicHref":"AS2.Visuals.ParticlePinGraphicState.PSetData.html","topicUid":"AS2.Visuals.ParticlePinGraphicState.PSetData"},{"name":"ParticlePinGraphicState.PSetData.GraphicalData","href":"AS2.Visuals.ParticlePinGraphicState.PSetData.GraphicalData.html","topicHref":"AS2.Visuals.ParticlePinGraphicState.PSetData.GraphicalData.html","topicUid":"AS2.Visuals.ParticlePinGraphicState.PSetData.GraphicalData"},{"name":"ParticlePinGraphicState.PSetData.GraphicalData.CodeOverrideType_PSet","href":"AS2.Visuals.ParticlePinGraphicState.PSetData.GraphicalData.CodeOverrideType_PSet.html","topicHref":"AS2.Visuals.ParticlePinGraphicState.PSetData.GraphicalData.CodeOverrideType_PSet.html","topicUid":"AS2.Visuals.ParticlePinGraphicState.PSetData.GraphicalData.CodeOverrideType_PSet"},{"name":"ParticlePinGraphicState.PinDef","href":"AS2.Visuals.ParticlePinGraphicState.PinDef.html","topicHref":"AS2.Visuals.ParticlePinGraphicState.PinDef.html","topicUid":"AS2.Visuals.ParticlePinGraphicState.PinDef"},{"name":"PartitionSetViewType","href":"AS2.Visuals.PartitionSetViewType.html","topicHref":"AS2.Visuals.PartitionSetViewType.html","topicUid":"AS2.Visuals.PartitionSetViewType"},{"name":"Polar2DCoordinate","href":"AS2.Visuals.Polar2DCoordinate.html","topicHref":"AS2.Visuals.Polar2DCoordinate.html","topicUid":"AS2.Visuals.Polar2DCoordinate"},{"name":"PriorityQueue<T>","href":"AS2.Visuals.PriorityQueue-1.html","topicHref":"AS2.Visuals.PriorityQueue-1.html","topicUid":"AS2.Visuals.PriorityQueue`1"},{"name":"RenderBatchIndex","href":"AS2.Visuals.RenderBatchIndex.html","topicHref":"AS2.Visuals.RenderBatchIndex.html","topicUid":"AS2.Visuals.RenderBatchIndex"},{"name":"RenderSystem","href":"AS2.Visuals.RenderSystem.html","topicHref":"AS2.Visuals.RenderSystem.html","topicUid":"AS2.Visuals.RenderSystem"},{"name":"RendererBackground","href":"AS2.Visuals.RendererBackground.html","topicHref":"AS2.Visuals.RendererBackground.html","topicUid":"AS2.Visuals.RendererBackground"},{"name":"RendererCircuitPins_RenderBatch","href":"AS2.Visuals.RendererCircuitPins_RenderBatch.html","topicHref":"AS2.Visuals.RendererCircuitPins_RenderBatch.html","topicUid":"AS2.Visuals.RendererCircuitPins_RenderBatch"},{"name":"RendererCircuitPins_RenderBatch.PropertyBlockData","href":"AS2.Visuals.RendererCircuitPins_RenderBatch.PropertyBlockData.html","topicHref":"AS2.Visuals.RendererCircuitPins_RenderBatch.PropertyBlockData.html","topicUid":"AS2.Visuals.RendererCircuitPins_RenderBatch.PropertyBlockData"},{"name":"RendererCircuitsAndBonds","href":"AS2.Visuals.RendererCircuitsAndBonds.html","topicHref":"AS2.Visuals.RendererCircuitsAndBonds.html","topicUid":"AS2.Visuals.RendererCircuitsAndBonds"},{"name":"RendererCircuits_Instance","href":"AS2.Visuals.RendererCircuits_Instance.html","topicHref":"AS2.Visuals.RendererCircuits_Instance.html","topicUid":"AS2.Visuals.RendererCircuits_Instance"},{"name":"RendererCircuits_Instance.GDRef","href":"AS2.Visuals.RendererCircuits_Instance.GDRef.html","topicHref":"AS2.Visuals.RendererCircuits_Instance.GDRef.html","topicUid":"AS2.Visuals.RendererCircuits_Instance.GDRef"},{"name":"RendererCircuits_Instance.ParticleCircuitData","href":"AS2.Visuals.RendererCircuits_Instance.ParticleCircuitData.html","topicHref":"AS2.Visuals.RendererCircuits_Instance.ParticleCircuitData.html","topicUid":"AS2.Visuals.RendererCircuits_Instance.ParticleCircuitData"},{"name":"RendererCircuits_Instance.ParticleCircuitData.PSetInnerPinRef","href":"AS2.Visuals.RendererCircuits_Instance.ParticleCircuitData.PSetInnerPinRef.html","topicHref":"AS2.Visuals.RendererCircuits_Instance.ParticleCircuitData.PSetInnerPinRef.html","topicUid":"AS2.Visuals.RendererCircuits_Instance.ParticleCircuitData.PSetInnerPinRef"},{"name":"RendererCircuits_Instance.ParticleCircuitData.PSetInnerPinRef.PinType","href":"AS2.Visuals.RendererCircuits_Instance.ParticleCircuitData.PSetInnerPinRef.PinType.html","topicHref":"AS2.Visuals.RendererCircuits_Instance.ParticleCircuitData.PSetInnerPinRef.PinType.html","topicUid":"AS2.Visuals.RendererCircuits_Instance.ParticleCircuitData.PSetInnerPinRef.PinType"},{"name":"RendererCircuits_RenderBatch","href":"AS2.Visuals.RendererCircuits_RenderBatch.html","topicHref":"AS2.Visuals.RendererCircuits_RenderBatch.html","topicUid":"AS2.Visuals.RendererCircuits_RenderBatch"},{"name":"RendererCircuits_RenderBatch.PropertyBlockData","href":"AS2.Visuals.RendererCircuits_RenderBatch.PropertyBlockData.html","topicHref":"AS2.Visuals.RendererCircuits_RenderBatch.PropertyBlockData.html","topicUid":"AS2.Visuals.RendererCircuits_RenderBatch.PropertyBlockData"},{"name":"RendererCircuits_RenderBatch.PropertyBlockData.ActiveState","href":"AS2.Visuals.RendererCircuits_RenderBatch.PropertyBlockData.ActiveState.html","topicHref":"AS2.Visuals.RendererCircuits_RenderBatch.PropertyBlockData.ActiveState.html","topicUid":"AS2.Visuals.RendererCircuits_RenderBatch.PropertyBlockData.ActiveState"},{"name":"RendererCircuits_RenderBatch.PropertyBlockData.LineType","href":"AS2.Visuals.RendererCircuits_RenderBatch.PropertyBlockData.LineType.html","topicHref":"AS2.Visuals.RendererCircuits_RenderBatch.PropertyBlockData.LineType.html","topicUid":"AS2.Visuals.RendererCircuits_RenderBatch.PropertyBlockData.LineType"},{"name":"RendererObjects","href":"AS2.Visuals.RendererObjects.html","topicHref":"AS2.Visuals.RendererObjects.html","topicUid":"AS2.Visuals.RendererObjects"},{"name":"RendererParticles","href":"AS2.Visuals.RendererParticles.html","topicHref":"AS2.Visuals.RendererParticles.html","topicUid":"AS2.Visuals.RendererParticles"},{"name":"RendererParticles_RenderBatch","href":"AS2.Visuals.RendererParticles_RenderBatch.html","topicHref":"AS2.Visuals.RendererParticles_RenderBatch.html","topicUid":"AS2.Visuals.RendererParticles_RenderBatch"},{"name":"RendererParticles_RenderBatch.PropertyBlockData","href":"AS2.Visuals.RendererParticles_RenderBatch.PropertyBlockData.html","topicHref":"AS2.Visuals.RendererParticles_RenderBatch.PropertyBlockData.html","topicUid":"AS2.Visuals.RendererParticles_RenderBatch.PropertyBlockData"},{"name":"RendererUI","href":"AS2.Visuals.RendererUI.html","topicHref":"AS2.Visuals.RendererUI.html","topicUid":"AS2.Visuals.RendererUI"},{"name":"TextureCreator","href":"AS2.Visuals.TextureCreator.html","topicHref":"AS2.Visuals.TextureCreator.html","topicUid":"AS2.Visuals.TextureCreator"},{"name":"ViewType","href":"AS2.Visuals.ViewType.html","topicHref":"AS2.Visuals.ViewType.html","topicUid":"AS2.Visuals.ViewType"}]},{"name":"AS2.Visuals.Library","href":"AS2.Visuals.Library.html","topicHref":"AS2.Visuals.Library.html","topicUid":"AS2.Visuals.Library","items":[{"name":"DegreeConstants","href":"AS2.Visuals.Library.DegreeConstants.html","topicHref":"AS2.Visuals.Library.DegreeConstants.html","topicUid":"AS2.Visuals.Library.DegreeConstants"},{"name":"InterpolationConstants","href":"AS2.Visuals.Library.InterpolationConstants.html","topicHref":"AS2.Visuals.Library.InterpolationConstants.html","topicUid":"AS2.Visuals.Library.InterpolationConstants"},{"name":"MatrixConstants","href":"AS2.Visuals.Library.MatrixConstants.html","topicHref":"AS2.Visuals.Library.MatrixConstants.html","topicUid":"AS2.Visuals.Library.MatrixConstants"},{"name":"MeshConstants","href":"AS2.Visuals.Library.MeshConstants.html","topicHref":"AS2.Visuals.Library.MeshConstants.html","topicUid":"AS2.Visuals.Library.MeshConstants"},{"name":"VectorConstants","href":"AS2.Visuals.Library.VectorConstants.html","topicHref":"AS2.Visuals.Library.VectorConstants.html","topicUid":"AS2.Visuals.Library.VectorConstants"}]},{"name":"","href":"Global.html","topicHref":"Global.html","topicUid":"Global","items":[{"name":"BasicSample","href":"Global.BasicSample.html","topicHref":"Global.BasicSample.html","topicUid":"Global.BasicSample"},{"name":"CanvasSampleSaveFileImage","href":"Global.CanvasSampleSaveFileImage.html","topicHref":"Global.CanvasSampleSaveFileImage.html","topicUid":"Global.CanvasSampleSaveFileImage"},{"name":"CanvasSampleSaveFileText","href":"Global.CanvasSampleSaveFileText.html","topicHref":"Global.CanvasSampleSaveFileText.html","topicUid":"Global.CanvasSampleSaveFileText"},{"name":"HexagonalExpansionPrototype","href":"Global.HexagonalExpansionPrototype.html","topicHref":"Global.HexagonalExpansionPrototype.html","topicUid":"Global.HexagonalExpansionPrototype"}]}],"memberLayout":"SamePage"}
